sarah.wagner@icloud.com|2025-05-23 12:41:32|0
leon.meyer@web.de|2025-05-23 12:41:32|0
lukas.hoffmann477@hotmail.de|2025-05-23 12:41:32|2
ben.wolf@hotmail.de|2025-05-23 12:41:32|0
finn.bauer@yahoo.com|2025-05-23 12:41:32|4
mia.becker@hotmail.de|2025-05-23 12:41:32|1
max.weber@outlook.com|2025-05-23 12:41:32|6
ben.meyer@gmx.de|2025-05-23 12:41:32|0
tim.schröder@gmail.com|2025-05-23 12:41:32|0
paul.braun@gmx.de|2025-05-23 12:41:32|3
elias.bauer@outlook.com|2025-05-23 12:41:32|0
tim.meyer@gmail.com|2025-05-23 12:41:32|3
mia.meyer948@web.de|2025-05-23 12:41:32|0
jonas.schmidt@web.de|2025-05-23 12:41:32|0
mia.bauer@gmail.com|2025-05-23 12:41:32|2
julia.zimmermann@yahoo.com|2025-05-23 12:41:32|2
sarah.schwarz@outlook.com|2025-05-24 12:41:32|5
max.schwarz398@gmail.com|2025-05-24 12:41:32|3
max.koch@yahoo.com|2025-05-24 12:41:32|3
noah.schwarz@gmx.de|2025-05-24 12:41:32|2
ben.meyer@web.de|2025-05-24 12:41:32|0
lukas.schwarz@gmx.de|2025-05-24 12:41:32|8
jonas.braun@gmail.com|2025-05-24 12:41:32|2
emma.meyer@outlook.com|2025-05-24 12:41:32|2
marie.richter@outlook.com|2025-05-24 12:41:32|6
ben.schwarz@yahoo.com|2025-05-25 12:41:32|3
elias.schröder671@yahoo.com|2025-05-25 12:41:32|1
jonas.hoffmann@gmail.com|2025-05-25 12:41:32|0
mia.müller466@outlook.com|2025-05-25 12:41:32|3
lea.klein@yahoo.com|2025-05-25 12:41:32|2
laura.neumann@yahoo.com|2025-05-25 12:41:32|5
max.müller@web.de|2025-05-25 12:41:32|1
julia.meyer790@yahoo.com|2025-05-25 12:41:32|4
noah.neumann@hotmail.de|2025-05-26 12:41:32|2
mia.müller@icloud.com|2025-05-26 12:41:32|0
mia.neumann133@web.de|2025-05-26 12:41:32|3
anna.wagner@icloud.com|2025-05-26 12:41:32|7
finn.schneider@outlook.com|2025-05-26 12:41:32|3
paul.neumann@yahoo.com|2025-05-26 12:41:32|2
laura.schwarz@gmx.de|2025-05-26 12:41:32|0
emily.neumann@outlook.com|2025-05-26 12:41:32|0
julia.hoffmann672@outlook.com|2025-05-27 12:41:32|2
finn.schmidt@icloud.com|2025-05-27 12:41:32|2
tim.schneider@gmail.com|2025-05-27 12:41:32|0
mia.weber@web.de|2025-05-27 12:41:32|3
noah.braun@yahoo.com|2025-05-27 12:41:32|6
lena.schwarz853@hotmail.de|2025-05-27 12:41:32|2
anna.schwarz331@icloud.com|2025-05-27 12:41:32|0
leon.schwarz@hotmail.de|2025-05-27 12:41:32|4
julia.meyer@web.de|2025-05-27 12:41:32|3
sarah.koch@outlook.com|2025-05-28 12:41:32|3
tim.richter@icloud.com|2025-05-28 12:41:32|1
leon.schwarz@yahoo.com|2025-05-28 12:41:32|0
leon.bauer@gmx.de|2025-05-28 12:41:32|2
tim.meyer@hotmail.de|2025-05-28 12:41:32|3
elias.schäfer@yahoo.com|2025-05-28 12:41:32|6
anna.meyer@yahoo.com|2025-05-28 12:41:32|8
jonas.fischer@gmail.com|2025-05-28 12:41:32|3
mia.schäfer@hotmail.de|2025-05-28 12:41:32|0
jonas.wagner@yahoo.com|2025-05-29 12:41:32|1
lena.schröder989@gmail.com|2025-05-29 12:41:32|3
mia.meyer@hotmail.de|2025-05-29 12:41:32|0
anna.fischer@gmx.de|2025-05-29 12:41:32|2
jonas.schneider@yahoo.com|2025-05-29 12:41:32|4
tim.hoffmann@web.de|2025-05-29 12:41:32|3
paul.braun359@gmx.de|2025-05-29 12:41:32|1
emily.schwarz@outlook.com|2025-05-29 12:41:32|5
emma.weber@gmail.com|2025-05-29 12:41:32|2
julia.wolf@gmail.com|2025-05-30 12:41:32|0
ben.wolf@gmx.de|2025-05-30 12:41:32|4
laura.braun@yahoo.com|2025-05-30 12:41:32|0
elias.neumann973@yahoo.com|2025-05-30 12:41:32|0
max.richter@outlook.com|2025-05-30 12:41:32|0
jonas.schmidt@icloud.com|2025-05-30 12:41:32|10
elias.richter@yahoo.com|2025-05-31 12:41:32|1
laura.neumann@hotmail.de|2025-05-31 12:41:32|4
noah.schneider@yahoo.com|2025-05-31 12:41:32|5
lukas.hoffmann@gmail.com|2025-05-31 12:41:32|7
finn.neumann@icloud.com|2025-05-31 12:41:32|0
leon.zimmermann940@outlook.com|2025-05-31 12:41:32|3
emily.fischer@yahoo.com|2025-05-31 12:41:32|1
mia.schneider603@web.de|2025-06-01 12:41:32|2
noah.fischer884@web.de|2025-06-01 12:41:32|3
laura.richter@outlook.com|2025-06-01 12:41:32|2
mia.schwarz@yahoo.com|2025-06-01 12:41:32|3
anna.bauer@gmail.com|2025-06-01 12:41:32|3
finn.richter239@hotmail.de|2025-06-01 12:41:32|10
sarah.richter@web.de|2025-06-01 12:41:32|1
max.schmidt@gmx.de|2025-06-01 12:41:32|2
tim.koch@outlook.com|2025-06-01 12:41:32|1
lea.neumann@web.de|2025-06-01 12:41:32|3
sarah.schwarz@yahoo.com|2025-06-02 12:41:32|5
sarah.schäfer@gmx.de|2025-06-02 12:41:32|5
laura.schwarz@outlook.com|2025-06-02 12:41:32|4
emily.weber203@gmail.com|2025-06-02 12:41:32|5
paul.becker@icloud.com|2025-06-02 12:41:32|0
finn.schwarz@hotmail.de|2025-06-02 12:41:32|8
finn.zimmermann@yahoo.com|2025-06-02 12:41:32|4
lena.bauer901@yahoo.com|2025-06-02 12:41:32|0
noah.richter24@gmail.com|2025-06-03 12:41:32|1
jonas.schwarz@outlook.com|2025-06-03 12:41:32|1
jonas.becker@yahoo.com|2025-06-03 12:41:32|2
leon.richter@outlook.com|2025-06-03 12:41:32|1
noah.schwarz@outlook.com|2025-06-03 12:41:32|4
emily.bauer@hotmail.de|2025-06-03 12:41:32|0
anna.weber@hotmail.de|2025-06-03 12:41:32|2
sarah.richter@outlook.com|2025-06-04 12:41:32|2
lea.zimmermann@yahoo.com|2025-06-04 12:41:32|3
emily.richter@outlook.com|2025-06-04 12:41:32|2
elias.wolf@web.de|2025-06-04 12:41:32|1
emma.meyer90@gmail.com|2025-06-04 12:41:32|3
anna.neumann@gmail.com|2025-06-04 12:41:32|0
ben.neumann317@web.de|2025-06-04 12:41:32|0
sarah.braun@gmail.com|2025-06-04 12:41:32|1
jonas.neumann@gmail.com|2025-06-04 12:41:32|1
marie.richter@gmx.de|2025-06-04 12:41:32|4
laura.müller@yahoo.com|2025-06-04 12:41:32|5
jonas.meyer@web.de|2025-06-04 12:41:32|1
lea.meyer@gmx.de|2025-06-05 12:41:32|2
laura.schwarz@gmail.com|2025-06-05 12:41:32|8
ben.zimmermann845@gmail.com|2025-06-05 12:41:32|3
finn.weber388@gmail.com|2025-06-05 12:41:32|0
tim.schäfer@web.de|2025-06-05 12:41:32|3
mia.zimmermann@gmail.com|2025-06-05 12:41:32|0
emma.bauer@hotmail.de|2025-06-05 12:41:32|3
noah.müller@gmail.com|2025-06-05 12:41:32|4
emily.koch@yahoo.com|2025-06-05 12:41:32|0
julia.bauer@web.de|2025-06-05 12:41:32|1
ben.zimmermann@gmail.com|2025-06-05 12:41:32|2
noah.schröder819@hotmail.de|2025-06-05 12:41:32|1
julia.schröder@hotmail.de|2025-06-06 12:41:32|1
emily.zimmermann905@gmx.de|2025-06-06 12:41:32|0
mia.klein@yahoo.com|2025-06-06 12:41:32|5
mia.weber@hotmail.de|2025-06-06 12:41:32|1
lea.weber@yahoo.com|2025-06-06 12:41:32|5
sarah.becker@hotmail.de|2025-06-06 12:41:32|5
anna.schmidt@web.de|2025-06-06 12:41:32|2
emily.wagner@gmx.de|2025-06-06 12:41:32|8
finn.schmidt@web.de|2025-06-06 12:41:32|1
anna.wolf@yahoo.com|2025-06-06 12:41:32|0
mia.braun@hotmail.de|2025-06-06 12:41:32|3
max.becker@icloud.com|2025-06-06 12:41:32|1
paul.zimmermann@icloud.com|2025-06-06 12:41:32|4
ben.schmidt@hotmail.de|2025-06-06 12:41:32|8
laura.klein@hotmail.de|2025-06-06 12:41:32|0
lukas.schwarz@web.de|2025-06-06 12:41:32|1
emily.wagner203@icloud.com|2025-06-07 12:41:32|0
julia.hoffmann801@web.de|2025-06-07 12:41:32|0
noah.neumann@icloud.com|2025-06-07 12:41:32|0
anna.neumann331@gmx.de|2025-06-07 12:41:32|6
leon.becker@gmx.de|2025-06-07 12:41:32|0
ben.becker@gmail.com|2025-06-07 12:41:32|3
lena.müller@web.de|2025-06-07 12:41:32|3
lea.meyer@gmail.com|2025-06-07 12:41:32|4
julia.weber@web.de|2025-06-07 12:41:32|0
elias.zimmermann@outlook.com|2025-06-07 12:41:32|8
elias.klein785@gmx.de|2025-06-07 12:41:32|1
sarah.schwarz@web.de|2025-06-07 12:41:32|1
ben.neumann@gmail.com|2025-06-07 12:41:32|3
finn.schröder747@web.de|2025-06-07 12:41:32|2
jonas.braun575@web.de|2025-06-07 12:41:32|5
marie.wolf707@yahoo.com|2025-06-07 12:41:32|5
julia.müller@gmx.de|2025-06-08 12:41:32|10
elias.braun434@yahoo.com|2025-06-08 12:41:32|2
laura.schmidt870@web.de|2025-06-08 12:41:32|0
laura.becker@outlook.com|2025-06-08 12:41:32|1
sarah.wolf@gmail.com|2025-06-08 12:41:32|1
lea.schneider@icloud.com|2025-06-08 12:41:32|1
mia.schröder@yahoo.com|2025-06-08 12:41:32|0
julia.zimmermann@web.de|2025-06-09 12:41:32|3
elias.müller@hotmail.de|2025-06-09 12:41:32|7
emma.becker@outlook.com|2025-06-09 12:41:32|5
max.wagner631@hotmail.de|2025-06-09 12:41:32|3
max.schäfer@icloud.com|2025-06-09 12:41:32|7
emily.braun@yahoo.com|2025-06-09 12:41:32|0
emma.hoffmann@web.de|2025-06-09 12:41:32|2
marie.müller@gmail.com|2025-06-09 12:41:32|6
sarah.schwarz@icloud.com|2025-06-09 12:41:32|2
anna.klein@icloud.com|2025-06-10 12:41:32|2
leon.zimmermann@icloud.com|2025-06-10 12:41:32|4
julia.schwarz@gmx.de|2025-06-10 12:41:32|1
anna.zimmermann@web.de|2025-06-10 12:41:32|6
mia.becker@gmail.com|2025-06-10 12:41:32|7
jonas.bauer@outlook.com|2025-06-10 12:41:32|8
emma.braun268@icloud.com|2025-06-10 12:41:32|0
leon.schneider@yahoo.com|2025-06-10 12:41:32|1
marie.müller@hotmail.de|2025-06-10 12:41:32|1
laura.koch@yahoo.com|2025-06-10 12:41:32|2
lukas.schäfer@web.de|2025-06-10 12:41:32|2
emma.wolf@icloud.com|2025-06-10 12:41:32|2
jonas.zimmermann@web.de|2025-06-11 12:41:32|5
marie.schröder277@gmail.com|2025-06-11 12:41:32|0
marie.wolf@gmail.com|2025-06-11 12:41:32|0
noah.hoffmann@yahoo.com|2025-06-11 12:41:32|3
laura.müller@web.de|2025-06-11 12:41:32|2
sarah.wagner302@web.de|2025-06-11 12:41:32|0
max.wolf@gmx.de|2025-06-11 12:41:32|8
tim.koch@icloud.com|2025-06-11 12:41:32|3
emily.bauer@gmx.de|2025-06-11 12:41:32|3
emily.weber@outlook.com|2025-06-11 12:41:32|1
lena.schmidt@yahoo.com|2025-06-12 12:41:32|4
ben.koch243@icloud.com|2025-06-12 12:41:32|6
noah.schröder@icloud.com|2025-06-12 12:41:32|2
elias.schäfer577@web.de|2025-06-12 12:41:32|5
marie.koch@icloud.com|2025-06-12 12:41:32|0
paul.klein@gmail.com|2025-06-12 12:41:32|3
jonas.becker@gmx.de|2025-06-12 12:41:32|1
lea.hoffmann@icloud.com|2025-06-12 12:41:32|1
marie.schneider@web.de|2025-06-12 12:41:32|0
leon.richter@yahoo.com|2025-06-12 12:41:32|3
marie.schmidt@gmail.com|2025-06-12 12:41:32|1
marie.schneider@gmx.de|2025-06-13 12:41:32|3
leon.richter@icloud.com|2025-06-13 12:41:32|1
marie.schäfer75@web.de|2025-06-13 12:41:32|2
marie.neumann@yahoo.com|2025-06-13 12:41:32|7
finn.fischer@yahoo.com|2025-06-13 12:41:32|0
leon.richter941@outlook.com|2025-06-13 12:41:32|2
marie.schmidt@web.de|2025-06-13 12:41:32|1
tim.hoffmann@yahoo.com|2025-06-13 12:41:32|2
emily.richter@hotmail.de|2025-06-13 12:41:32|2
marie.schmidt326@gmx.de|2025-06-14 12:41:32|1
noah.wagner@gmail.com|2025-06-14 12:41:32|1
lea.hoffmann@gmail.com|2025-06-14 12:41:32|1
mia.klein@gmx.de|2025-06-14 12:41:32|5
sarah.bauer@gmail.com|2025-06-15 12:41:32|4
elias.fischer@gmail.com|2025-06-15 12:41:32|4
lea.schneider@web.de|2025-06-15 12:41:32|1
ben.becker862@gmail.com|2025-06-15 12:41:32|0
elias.klein@yahoo.com|2025-06-15 12:41:32|1
leon.hoffmann@yahoo.com|2025-06-15 12:41:32|0
sarah.hoffmann@yahoo.com|2025-06-15 12:41:32|2
marie.braun@gmx.de|2025-06-15 12:41:32|4
leon.müller@web.de|2025-06-15 12:41:32|4
lea.koch@hotmail.de|2025-06-15 12:41:32|0
lena.schäfer607@icloud.com|2025-06-15 12:41:32|7
paul.wolf@yahoo.com|2025-06-15 12:41:32|1
anna.schmidt222@web.de|2025-06-15 12:41:32|3
laura.klein320@hotmail.de|2025-06-15 12:41:32|4
julia.braun@web.de|2025-06-15 12:41:32|1
tim.schneider@web.de|2025-06-16 12:41:32|1
sarah.schäfer@hotmail.de|2025-06-16 12:41:32|1
lena.braun@gmail.com|2025-06-16 12:41:32|3
emily.koch341@yahoo.com|2025-06-16 12:41:32|4
emma.schmidt2@hotmail.de|2025-06-16 12:41:32|0
julia.weber@outlook.com|2025-06-16 12:41:32|0
paul.braun@outlook.com|2025-06-17 12:41:32|9
leon.bauer823@outlook.com|2025-06-17 12:41:32|0
lea.klein965@icloud.com|2025-06-17 12:41:32|5
max.hoffmann@icloud.com|2025-06-17 12:41:32|1
elias.müller@outlook.com|2025-06-17 12:41:32|0
ben.weber@yahoo.com|2025-06-17 12:41:32|5
lukas.müller@yahoo.com|2025-06-18 12:41:32|1
lukas.koch811@gmx.de|2025-06-18 12:41:32|4
paul.klein@web.de|2025-06-18 12:41:32|1
mia.richter@outlook.com|2025-06-18 12:41:32|1
lea.bauer@gmx.de|2025-06-18 12:41:32|1
sarah.wolf91@gmx.de|2025-06-18 12:41:32|2
noah.neumann777@icloud.com|2025-06-18 12:41:32|7
ben.schäfer@gmail.com|2025-06-18 12:41:32|4
paul.schwarz@icloud.com|2025-06-18 12:41:32|7
emily.wagner@web.de|2025-06-18 12:41:32|1
finn.schwarz@icloud.com|2025-06-18 12:41:32|4
emily.koch48@yahoo.com|2025-06-18 12:41:32|0
julia.schneider@hotmail.de|2025-06-18 12:41:32|7
lea.hoffmann@yahoo.com|2025-06-18 12:41:32|0
jonas.braun@yahoo.com|2025-06-18 12:41:32|0
elias.braun@outlook.com|2025-06-18 12:41:32|0
max.richter@gmail.com|2025-06-18 12:41:32|8
noah.bauer@gmail.com|2025-06-18 12:41:32|2
jonas.wolf@web.de|2025-06-18 12:41:32|8
emma.becker@icloud.com|2025-06-18 12:41:32|0
jonas.richter@web.de|2025-06-19 12:41:32|8
leon.schäfer@gmail.com|2025-06-19 12:41:32|4
lena.schäfer@gmx.de|2025-06-19 12:41:32|1
lena.schröder778@icloud.com|2025-06-19 12:41:32|1
sarah.meyer@gmx.de|2025-06-19 12:41:32|4
paul.hoffmann@icloud.com|2025-06-19 12:41:32|4
emily.neumann@icloud.com|2025-06-19 12:41:32|1
mia.wolf@gmx.de|2025-06-19 12:41:32|0
noah.schäfer@gmx.de|2025-06-19 12:41:32|2
emma.bauer@outlook.com|2025-06-19 12:41:32|5
emma.zimmermann@web.de|2025-06-19 12:41:32|2
max.schmidt@web.de|2025-06-20 12:41:32|2
julia.schmidt@outlook.com|2025-06-20 12:41:32|0
lukas.weber@yahoo.com|2025-06-20 12:41:32|0
max.schröder@hotmail.de|2025-06-20 12:41:32|0
lukas.koch@web.de|2025-06-20 12:41:32|4
elias.richter@gmail.com|2025-06-20 12:41:32|1
lena.schäfer@hotmail.de|2025-06-20 12:41:32|1
mia.wagner916@hotmail.de|2025-06-20 12:41:32|3
leon.wolf@icloud.com|2025-06-20 12:41:32|7
leoweissmueller@gmail.com|2025-06-21 12:16:49|0
test@example.com|2025-06-21 12:29:19|0
elias.zimmermann@gmx.de|2025-06-21 12:41:32|3
emma.klein@icloud.com|2025-06-21 12:41:32|0
marie.wolf@icloud.com|2025-06-21 12:41:32|2
tim.schäfer@gmail.com|2025-06-21 12:41:32|0
lukas.koch@outlook.com|2025-06-21 12:41:32|2
mia.schröder@hotmail.de|2025-06-21 12:41:32|0
lea.fischer@gmail.com|2025-06-21 12:41:32|5
julia.neumann@outlook.com|2025-06-21 12:41:32|0
paul.wolf656@web.de|2025-06-21 12:41:32|0
neuer@test.de|2025-06-21 12:41:50|0
eefew.leo@gmail.com|2025-06-21 13:17:22|0
neue@example.com|2025-06-21 18:25:27|0
test2@example.com|2025-06-21 18:27:25|0
jefececewv@gmx.de|2025-06-21 18:50:00|0
hefiheifheife@gmx.de|2025-06-22 15:07:11|0
jirjirgr@icloud.com|2025-06-25 17:53:53|0
huuiwioef@icloud.com|2025-06-26 15:34:05|0
oekfnweif@icloud.com|2025-06-26 15:42:46|0
efwefewfew@web.de|2025-06-26 15:58:58|0
idsivisvhv@gmx.de|2025-06-26 16:55:30|0
odowejfiewf@gmx.de|2025-06-29 20:23:35|0
ewfwfwef@icloud.com|2025-06-29 20:34:49|0
hhejfhge@gmx.de|2025-07-01 09:56:03|0
njerguwehgru@gmx.de|2025-07-01 09:59:09|0
joeogjv@icloud.com|2025-07-01 17:01:01|0
efefewf@gmx.de|2025-07-06 16:45:11|0
weissmueller.leo@gmail.com|2025-07-13 16:35:07|0
leo.weissmueller@gmx.de|2025-07-13 17:03:01|1
leo.weismueller@gmail.com|2025-07-13 17:05:02|0
